student_id,grade1,grade2,grade3,avarage
1,90.0,80.0,95.0,88.33333333333333
2,85.0,70.0,,77.5
3,75.0,88.0,70.0,77.66666666666667
4,,90.0,85.0,87.5
5,60.0,,77.0,68.5
